File,Real Time,User Time,Sys Time
timeNumpySaving.txt,170.6,33.1,137.3
timePytorchSaving.txt,176.2,43.2,132.5
timeNumpyMtSaving.txt,177.5,48.4,128.6
timeNumpyPhiloxSaving.txt,231.9,96.7,135.0
timeMtSaving.txt,281.8,126.0,154.4
timeWellSaving.txt,283.0,127.4,155.2
timePcgSaving.txt,346.8,185.8,160.6
timeMrgSaving.txt,449.9,307.2,142.2
timePythonSaving.txt,1355.8,1218.5,136.7
timeTensorflowSaving.txt,288.8,1893.2,393.4
